"crear proyecto","desarrollar una idea","hacer algo nuevo","empezar un proyecto","crear algo","iniciar un proceso","formular una propuesta","materializar una idea"
"jugar","hacer un juego","pasar el rato","reto creativo","divertirme","dinámica divertida","actividad lúdica","juego interactivo"
"aprender","informarme","saber más","educarme","conocer cosas nuevas","capacitarme","formarme","descubrir conocimientos"
"participar","involucrarme","ser parte","sumarme","colaborar","aportar","tomar acción","meterme en el parche"
"conectar","conocer gente","trabajar en red","hacer alianzas","relacionarme","tejer lazos","construir comunidad","vincularme"
"explorar","curiosear","ver opciones","mirar ideas","descubrir posibilidades","indagar","probar algo nuevo","abrirme a nuevas ideas"
"compartir","contar mi experiencia","mostrar lo que hago","inspirar a otros","socializar ideas","presentar un proyecto","dar a conocer","difundir"
"enseñar","compartir saberes","dar talleres","formar a otros","guiar procesos","facilitar espacios","capacitar a la comunidad","mostrar cómo se hace"
"transformar","mejorar algo","hacer un cambio","crear impacto","renovar procesos","intervenir espacios","actuar en el territorio","resolver un problema"
"crear arte","pintar","hacer música","escribir","expresarme","crear con las manos","hacer performance","desarrollar una obra"
"organizar","liderar","planear algo","coordinar un grupo","hacer una actividad","gestionar un evento","dirigir un proceso","estructurar una propuesta"
"escuchar","dialogar","intercambiar ideas","tener conversaciones","abrir espacios de palabra","conversar en grupo","preguntar","generar diálogo"
"proponer","sugerir una idea","lanzar una iniciativa","pensar algo nuevo","plantear un reto","imaginar una solución","crear alternativas","presentar propuestas"
"investigar","explorar temas","hacer preguntas","buscar información","profundizar en un tema","descubrir causas","analizar realidades","generar datos"
"colaborar","trabajar en equipo","hacer parte de un colectivo","unirme a un proyecto","apoyar a otros","construir juntos","hacer sinergia","trabajar con otros"
"reflexionar","pensar sobre algo","analizar una situación","ver diferentes puntos de vista","conectarme conmigo mismo","replantear ideas","meditar","observar con atención"
