"crear proyecto","desarrollar una idea","hacer algo nuevo","empezar un proyecto","crear algo"
"jugar","hacer un juego","pasar el rato","reto creativo","divertirme","dinámica divertida"
"aprender","informarme","saber más","educarme","conocer cosas nuevas","capacitarme"
"participar","involucrarme","ser parte","sumarme","colaborar","aportar"
"conectar","conocer gente","trabajar en red","hacer alianzas","relacionarme"
"explorar","curiosear","ver opciones","mirar ideas","descubrir posibilidades"
"compartir","contar mi experiencia","mostrar lo que hago","inspirar a otros"
"enseñar","compartir saberes","dar talleres","formar a otros"
"transformar","mejorar algo","hacer un cambio","crear impacto"
"crear arte","pintar","hacer música","escribir","expresarme"
"organizar","liderar","planear algo","coordinar un grupo"
"escuchar","dialogar","intercambiar ideas","tener conversaciones"
"proponer","sugerir una idea","lanzar una iniciativa","pensar algo nuevo"
