"Jugar","divertirse","entretenerse","echar un juego","pasar un buen rato"
"Inventar un cuento","crear una historia","escribir un relato","narrar un cuento","ficcionar"
"Aprender algo","descubrir","explorar un tema","investigar","entender","saber más"
"Recibir inspiración","motivarse","generar ideas","estimular la creatividad","buscar inspiración"
"Hacer preguntas","preguntar","consultar","despejar dudas","interrogar","comentar dudas"
"Charlar","platicar","hablar","dialogar","compartir ideas"
"Dibujar","plasmar","esbozar","ilustrar la idea","dibujo rápido"
"Escuchar recomendaciones","recibir consejos","tomar sugerencias","apoyo didáctico"
"Resolver dudas","aclarar conceptos","explicar","dar ejemplos","ayudar con un problema"
"Improvisar","hacer freestyle","crear versos","jugar con palabras"
"Participar en dinámica","unirse al juego","seguir la actividad","integrarse"
"Crear poema","escribir versos","hacer poesía","rapear","verso libre"
"Proponer reto","lanzar desafío","sugerir un juego","plantear reto creativo"
"Contar chiste","divertir con anécdota","narrar algo gracioso"
"Revelar recurso creativo","mostrar un ejemplo","compartir técnica","enseñar paso a paso"
