"Creatividad Colaborativa","co-creación","imaginación colectiva"
"Innovación Social","soluciones sociales","cambio transformador"
"Conexión Comunitaria","vínculos sociales","tejido comunitario"
"Inclusión Cultural","pluralidad cultural","diversidad identitaria"
"Empoderamiento Colectivo","liderazgo compartido","autogestión comunitaria"
"Sostenibilidad Artesanal","producción consciente","arte sustentable"
"Intercambio de Saberes","aprendizaje mutuo","sabiduría compartida"
"Arte y Tecnología","expresión digital","creación tecnocultural"
"Reciclaje Creativo","arte con residuos","transformación de materiales"
"Trabajo en Red","sinergia de actores","colaboración expandida"
"Desarrollo Local","fortalecimiento territorial","economía comunitaria"
"Diversidad Cultural","mestizaje cultural","riqueza de tradiciones"
"Arte Participativo","arte colectivo","acción artística común"
"Desafíos Ambientales","crisis ecológica","emergencia climática"
"Economía Solidaria","economía de cooperación","mercado justo"
"Cultura Compartida","identidad común","patrimonio colectivo"
"Educación Alternativa","aprendizaje libre","metodologías abiertas"
"Bienestar Comunitario","equilibrio social","vida digna"
"Diseño Sostenible","innovación verde","creación responsable"
"Tecnología Accesible","tecnología abierta","inclusión digital"
"Acción Colectiva","movimiento social","organización vecinal"
"Arte para el Cambio","arte comprometido","activismo visual"
"Territorio Inteligente","planificación colectiva","gestión ciudadana"
"Ciudadanía Digital","participación tecnológica","cultura digital"
"Laboratorio Creativo","espacio de experimentación","fábrica de ideas"
"Imaginación Política","pensamiento utópico","futuro deseado"
"Arte Urbano","intervención mural","expresión callejera"
"Redes de Cuidado","comunidad solidaria","afectos compartidos"
"Soberanía Tecnológica","autonomía digital","software libre"
"Escucha Activa","diálogo respetuoso","interacción empática"
