"hacer un dibujo","expresar el logro gráficamente","crear algo visual"
"contarlo a alguien","compartir mi alegría","decirlo en voz alta"
"escribirlo en redes","hacer un post","mostrar lo que logré públicamente"
"darme un regalo simbólico","premiarme","reconocerme","hacer algo para mí"
"hacer una pausa","disfrutar el logro","respirar con satisfacción"
"brindar","compartir algo con otros","festejar en colectivo"
"pegarlo en mi pared","crear un mural de logros","recordarlo visualmente"
"hacer un video","grabarme contando","documentar la celebración"
"agradecer","hacer memoria de lo aprendido","reconocer el camino"
"crear un ritual","hacer algo significativo","darle forma simbólica al cierre"
"hacer un dibujo","crear algo visual para recordarlo","ilustrar el logro","dibujar mi proceso"
"contarlo a alguien","compartir mi alegría","expresar lo que logré","dar testimonio"
"escribirlo en redes","hacer un post","mostrarlo públicamente","publicar lo logrado"
"darme un regalo simbólico","premiarme","algo pequeño pero significativo","acto de reconocimiento"
"hacer una pausa","descansar con intención","respirar y agradecer","disfrutar el momento"
"brindar","compartir con otros","celebrar juntos","levantar una bebida o comida"
"pegarlo en mi pared","crear un mural de logros","visualizar mi avance","hacerlo visible"
"hacer un video","grabarme contando","documentar mi alegría","reír frente a cámara"
"agradecer","escribir una carta","decir gracias en voz alta","gesto de gratitud"
"crear un ritual","hacer algo especial","acto simbólico de cierre","rito de paso"
"bailar","mover el cuerpo para celebrar","coreografía espontánea","ritual corporal"
"cantar","entonar una canción","musicalizar la celebración","usar mi voz"
"encender una vela","marcar el momento con luz","acto de intención","homenaje sencillo"
"compartir una comida","cocinar algo especial","picnic simbólico","hacer un brindis con fruta"
"dar un paseo","caminar pensando","recorrer un lugar querido","conectar con el entorno"
"crear una obra","hacer algo artístico","una pintura, poema, collage","usar el arte para sellar el logro"
"escribir una carta a mí mismo","recordarme por qué empecé","valorarme","reconocerme"
"invitar a alguien a crear","hacer algo con otro","celebrar con colaboración","unir energías"
"hacer un altar","poner objetos importantes","reunir símbolos del proceso","altar del camino"
"jugar","hacer una dinámica divertida","permitirme reír","alegrarme con juego"
"hacer un manifiesto","escribir lo que aprendí","plasmar mis valores","declarar mi visión"
"dejar una huella","plantar algo","sembrar una semilla","crear continuidad"
"compartir en un círculo","hacer ronda de palabras","escuchar a otros","cerrar con comunidad"
"mandarme un mensaje","escribirme al futuro","auto-nota de voz","mensaje de continuidad"
"guardar un objeto","coleccionar lo simbólico","tener algo que lo recuerde","archivo emocional"
"tejer algo","hacer algo con las manos","manualidad significativa","construcción con hilo o fibras"
