"principiante","nivel básico","nuevo en esto","empezando desde cero","aprendiz"
"intermedio","nivel medio","con algo de experiencia","ya he practicado","proceso de consolidación"
"avanzado","nivel experto","domino el tema","experiencia sólida","con trayectoria"
"explorador curioso","probando cosas nuevas","interesado sin experiencia","abierto a aprender"
"autoformado","aprendizaje autónomo","educación independiente","me he formado solo","saberes por experiencia"
"popular","conocimiento de barrio","sabiduría cotidiana","saberes informales","experiencia de vida"
"ancestral","sabiduría de los mayores","transmisión oral","conocimiento cultural","herencia indígena"
"tecnológico","manejo de herramientas","experiencia con software","formación digital","habilidad técnica"
"práctico","saberes aplicados","manos a la obra","aprender haciendo","técnico-operativo"
"creativo","intuición artística","experimentación sensible","crear desde lo interno","conocimiento expresivo"
"reflexivo","capacidad crítica","saber pensar","análisis profundo","construcción de sentido"
"pedagógico","saber enseñar","facilitar procesos","acompañar aprendizajes","orientar a otros"
"colaborativo","aprendizaje entre pares","saber trabajar en grupo","co-construcción","aprender haciendo red"
"espiritual","sabiduría interior","conexión trascendente","camino de conciencia","aprendizaje del alma"
"experimental","ensayo y error","probar y descubrir","exploración empírica","creación libre"
"crítico-social","lectura de contexto","conciencia política","análisis de realidades","conocimiento situado"
