"soñando","tengo una idea en la cabeza","imaginando posibilidades","deseando empezar"
"iniciando","acabo de comenzar","di mis primeros pasos","tengo algo ya en marcha"
"desarrollando","estoy en pleno proceso","trabajando en ello","el proyecto va creciendo"
"estancado","me detuve","me siento bloqueado","no sé cómo avanzar"
"en pausa","lo dejé por un momento","no he podido continuar","está en stand-by"
"celebrando","terminé algo","logré un objetivo","quiero compartir el resultado"
"replanteando","lo estoy cambiando","repensando la idea","ajustando el rumbo"
"imaginando posibilidades","soñando","deseando crear","visualizando algo que aún no existe"
"recolectando ideas","buscando referencias","conversando con otros","tomando inspiración"
"experimentando","prototipando","probando formas","haciendo borradores"
"formando equipo","sumando personas","uniendo saberes","conectando colaboradorxs"
"estructurando","diseñando un plan","ordenando ideas","pensando los pasos"
"documentando","dejando registro","guardando el proceso","tomando nota del camino"
"transformando el rumbo","cambiando la idea inicial","adaptándome al proceso","pivotando"
"reviviendo","volviendo al proyecto después de un tiempo","reactivando la energía","retomando la intención"
"multiplicando","compartiendo con el mundo","replicando el modelo","inspirando a otros"
"cerrando ciclo","reflexionando sobre el recorrido","dando por terminado","concluyendo con sentido"
"en evaluación","revisando avances","viendo qué funcionó","ajustando decisiones"
"en pausa emocional","tomándome un respiro","dándome tiempo para sentir","descansando del proceso"
"acompañando otro proyecto","apoyando a un colega","siendo parte sin liderar","contribuyendo desde el costado"
