"aprender","entender algo","descubrir cosas nuevas","formarme","capacitarme","adquirir conocimiento","saber más"
"crear","hacer algo propio","construir un proyecto","inventar","desarrollar ideas","materializar pensamientos","producir"
"compartir","mostrar lo que hago","socializar conocimientos","inspirar a otros","dar a conocer","colaborar con lo mío"
"resolver algo","encontrar soluciones","superar un problema","mejorar algo","actuar frente a un reto","reparar una situación"
"hacer un cambio","transformar una situación","impactar","revolucionar","modificar realidades","proponer mejoras"
"ser escuchado","expresar mis ideas","decir lo que pienso","tener voz","ser visible","contar mi historia"
"conectarme","hacer red","relacionarme","buscar alianzas","sumarme a un proceso","sentirme parte"
"mejorar mi entorno","transformar el barrio","aportar a la comunidad","embellecer espacios","cuidar lo colectivo"
"desarrollarme personalmente","superarme","conocerme mejor","crecer como persona","encontrar propósito"
"sanar","liberar emociones","procesar lo vivido","reconectarme conmigo","hacer catarsis"
"jugar","divertirme","explorar sin presión","disfrutar del proceso","estimular la imaginación"
"experimentar","probar cosas nuevas","salir de la rutina","romper esquemas","arriesgarme a lo desconocido"
"expresar emociones","canalizar sentimientos","mostrar lo que llevo dentro","decir lo que no puedo hablar"
"liderar","tomar iniciativa","impulsar ideas","motivar a otros","guiar procesos colectivos"
"ayudar a otros","ser útil","apoyar causas","servir a la comunidad","estar disponible"
"reconectar con mi cultura","rescatar tradiciones","honrar mis raíces","revivir saberes ancestrales"
"construir memoria","registrar procesos","preservar historias","valorar lo vivido","documentar"
"habitar el arte","vivirlo","ser parte de una creación","sentirme creador","vibrar con lo artístico"
"emprender","empezar un negocio","crear una propuesta productiva","generar ingresos","autogestionarme"
