"saber práctico","conocimiento aplicado","saber hacer","habilidades manuales","técnicas cotidianas"
"saber ancestral","sabiduría indígena","conocimiento tradicional","memoria oral","herencia cultural"
"saber académico","formación formal","conocimiento científico","educación universitaria","teoría"
"saber popular","sabiduría del pueblo","conocimiento de la vida","experiencia colectiva","voz comunitaria"
"saber artístico","creación cultural","sensibilidad estética","técnica artística","expresión simbólica"
"saber digital","tecnología","medios virtuales","navegación web","información en línea"
"saber emocional","inteligencia emocional","autoconocimiento","manejo de emociones","afectividad"
"saber pedagógico","enseñanza","facilitación","formación de otros","acompañamiento educativo"
"saber ecológico","relación con la naturaleza","cuidado ambiental","permacultura","sustentabilidad"
"saber organizativo","coordinación","liderazgo comunitario","gestión de procesos","acción colectiva"
